subscriberCount,viewCount,time,hiddenSubscriberCount,authorLink,timestamp,author,commentCount,hasReplies,likes,text,videoCount,id,numReplies
0,2,8 hours ago,False,/channel/UCIWmFRMlQ4RYmwFaLd9rfnA,1502615393807,New World Order,0,false,1,"Ребята, давайте поддержим наших Австралийских блогеров!!!",1,z23mct4ifx2qxlengacdp432bc5atoh1gvp3ewv3sv5w03c010c,
0,2,8 hours ago,False,/channel/UCIWmFRMlQ4RYmwFaLd9rfnA,1502615393807,New World Order,0,false,1,"Ребята, давайте поддержим наших Австралийских блогеров!!!",1,z23mct4ifx2qxlengacdp432bc5atoh1gvp3ewv3sv5w03c010c,
0,2,8 hours ago,False,/channel/UCIWmFRMlQ4RYmwFaLd9rfnA,1502615393807,New World Order,0,false,1,"Ребята, давайте поддержим наших Австралийских блогеров!!!",1,z23mct4ifx2qxlengacdp432bc5atoh1gvp3ewv3sv5w03c010c,
0,2,8 hours ago,False,/channel/UCIWmFRMlQ4RYmwFaLd9rfnA,1502615393807,New World Order,0,false,1,"Ребята, давайте поддержим наших Австралийских блогеров!!!",1,z23mct4ifx2qxlengacdp432bc5atoh1gvp3ewv3sv5w03c010c,
0,2,8 hours ago,False,/channel/UCIWmFRMlQ4RYmwFaLd9rfnA,1502615393807,New World Order,0,false,1,"Ребята, давайте поддержим наших Австралийских блогеров!!!",1,z23mct4ifx2qxlengacdp432bc5atoh1gvp3ewv3sv5w03c010c,
0,2,8 hours ago,False,/channel/UCIWmFRMlQ4RYmwFaLd9rfnA,1502615393807,New World Order,0,false,1,"Ребята, давайте поддержим наших Австралийских блогеров!!!",1,z23mct4ifx2qxlengacdp432bc5atoh1gvp3ewv3sv5w03c010c,
0,2,8 hours ago,False,/channel/UCIWmFRMlQ4RYmwFaLd9rfnA,1502615393807,New World Order,0,false,1,"Ребята, давайте поддержим наших Австралийских блогеров!!!",1,z23mct4ifx2qxlengacdp432bc5atoh1gvp3ewv3sv5w03c010c,
0,2,8 hours ago,False,/channel/UCIWmFRMlQ4RYmwFaLd9rfnA,1502615393807,New World Order,0,false,1,"Ребята, давайте поддержим наших Австралийских блогеров!!!",1,z23mct4ifx2qxlengacdp432bc5atoh1gvp3ewv3sv5w03c010c,
0,2,8 hours ago,False,/channel/UCIWmFRMlQ4RYmwFaLd9rfnA,1502615393807,New World Order,0,false,1,"Ребята, давайте поддержим наших Австралийских блогеров!!!",1,z23mct4ifx2qxlengacdp432bc5atoh1gvp3ewv3sv5w03c010c,
0,2,8 hours ago,False,/channel/UCIWmFRMlQ4RYmwFaLd9rfnA,1502615393807,New World Order,0,false,1,"Ребята, давайте поддержим наших Австралийских блогеров!!!",1,z23mct4ifx2qxlengacdp432bc5atoh1gvp3ewv3sv5w03c010c,
0,0,9 hours ago,False,/channel/UC4LsthEnBf7pwEyWWVO7WLg,1502611793817,Galina Seredina,0,true,0,"Вадим, добрый день! Посмотрела Ваше последнее видео и расстроилась. Впервые увидела Вас в таком подавленном состоянии. Поскольку Вы отключили возможность комментировать под тем видео - хочу обратиться к Вам здесь. Я понимаю, что Вам кажется, что Ваши подписчики и зрители Вас не отстояли и не защитили, а равнодушно стояли в стороне, но это не так. Подписчики Вас уважают за Ваши успехи и достижения в Австралии, уважают за то, что Вы достойный семьянин, доверяют Вашим советам и мнению. Именно поэтому они СМОТРЯТ Вас, ставят лайки, становятся членами нового форума, который Вы сделали. Поддержка заключается в том, что зрители ХОТЯТ БЫТЬ или УЖЕ ЯВЛЯЮТСЯ частью ВАШЕГО сообщества, а не того, другого, где один негатив из-за комплексов и нереализованных амбиций. Поддержка не заключается в том, что все зрители Вадима сейчас будут писать адские комментарии под видео тех, других, ребят. Разве такую аудиторию - агрессивную, депрессивную и хамскую, Вы у себя собирали? Уверена, что нет! Резюме всего написанного - Вадим, я, как Ваш зритель, буду счастлива, если Вы продолжите работу блогера. Если нет - Ваше право, и мы, зрители, примем это решение. СПАСИБО за ты работу, которую Вы делали и продолжаете делать, за новые идеи, новый форум! Может быть, мое обращение будет удалено, и, может быть, Вы его не увидите даже, но мне было важно написать это, чтобы Вы поняли для себя, что все, что Вы делали все эти годы, было не напрасно, и люди знают это, поэтому они с вами!",0,z22ishlifyz2vhw4b04t1aokgpu0dzqaxyrqoyj2pcnlbk0h00410,1
0,0,9 hours ago,False,/channel/UC4LsthEnBf7pwEyWWVO7WLg,1502611793817,Galina Seredina,0,true,0,"Вадим, добрый день! Посмотрела Ваше последнее видео и расстроилась. Впервые увидела Вас в таком подавленном состоянии. Поскольку Вы отключили возможность комментировать под тем видео - хочу обратиться к Вам здесь. Я понимаю, что Вам кажется, что Ваши подписчики и зрители Вас не отстояли и не защитили, а равнодушно стояли в стороне, но это не так. Подписчики Вас уважают за Ваши успехи и достижения в Австралии, уважают за то, что Вы достойный семьянин, доверяют Вашим советам и мнению. Именно поэтому они СМОТРЯТ Вас, ставят лайки, становятся членами нового форума, который Вы сделали. Поддержка заключается в том, что зрители ХОТЯТ БЫТЬ или УЖЕ ЯВЛЯЮТСЯ частью ВАШЕГО сообщества, а не того, другого, где один негатив из-за комплексов и нереализованных амбиций. Поддержка не заключается в том, что все зрители Вадима сейчас будут писать адские комментарии под видео тех, других, ребят. Разве такую аудиторию - агрессивную, депрессивную и хамскую, Вы у себя собирали? Уверена, что нет! Резюме всего написанного - Вадим, я, как Ваш зритель, буду счастлива, если Вы продолжите работу блогера. Если нет - Ваше право, и мы, зрители, примем это решение. СПАСИБО за ты работу, которую Вы делали и продолжаете делать, за новые идеи, новый форум! Может быть, мое обращение будет удалено, и, может быть, Вы его не увидите даже, но мне было важно написать это, чтобы Вы поняли для себя, что все, что Вы делали все эти годы, было не напрасно, и люди знают это, поэтому они с вами!",0,z22ishlifyz2vhw4b04t1aokgpu0dzqaxyrqoyj2pcnlbk0h00410,1
0,0,9 hours ago,False,/channel/UC4LsthEnBf7pwEyWWVO7WLg,1502611793817,Galina Seredina,0,true,0,"Вадим, добрый день! Посмотрела Ваше последнее видео и расстроилась. Впервые увидела Вас в таком подавленном состоянии. Поскольку Вы отключили возможность комментировать под тем видео - хочу обратиться к Вам здесь. Я понимаю, что Вам кажется, что Ваши подписчики и зрители Вас не отстояли и не защитили, а равнодушно стояли в стороне, но это не так. Подписчики Вас уважают за Ваши успехи и достижения в Австралии, уважают за то, что Вы достойный семьянин, доверяют Вашим советам и мнению. Именно поэтому они СМОТРЯТ Вас, ставят лайки, становятся членами нового форума, который Вы сделали. Поддержка заключается в том, что зрители ХОТЯТ БЫТЬ или УЖЕ ЯВЛЯЮТСЯ частью ВАШЕГО сообщества, а не того, другого, где один негатив из-за комплексов и нереализованных амбиций. Поддержка не заключается в том, что все зрители Вадима сейчас будут писать адские комментарии под видео тех, других, ребят. Разве такую аудиторию - агрессивную, депрессивную и хамскую, Вы у себя собирали? Уверена, что нет! Резюме всего написанного - Вадим, я, как Ваш зритель, буду счастлива, если Вы продолжите работу блогера. Если нет - Ваше право, и мы, зрители, примем это решение. СПАСИБО за ты работу, которую Вы делали и продолжаете делать, за новые идеи, новый форум! Может быть, мое обращение будет удалено, и, может быть, Вы его не увидите даже, но мне было важно написать это, чтобы Вы поняли для себя, что все, что Вы делали все эти годы, было не напрасно, и люди знают это, поэтому они с вами!",0,z22ishlifyz2vhw4b04t1aokgpu0dzqaxyrqoyj2pcnlbk0h00410,1
0,0,9 hours ago,False,/channel/UC4LsthEnBf7pwEyWWVO7WLg,1502611793817,Galina Seredina,0,true,0,"Вадим, добрый день! Посмотрела Ваше последнее видео и расстроилась. Впервые увидела Вас в таком подавленном состоянии. Поскольку Вы отключили возможность комментировать под тем видео - хочу обратиться к Вам здесь. Я понимаю, что Вам кажется, что Ваши подписчики и зрители Вас не отстояли и не защитили, а равнодушно стояли в стороне, но это не так. Подписчики Вас уважают за Ваши успехи и достижения в Австралии, уважают за то, что Вы достойный семьянин, доверяют Вашим советам и мнению. Именно поэтому они СМОТРЯТ Вас, ставят лайки, становятся членами нового форума, который Вы сделали. Поддержка заключается в том, что зрители ХОТЯТ БЫТЬ или УЖЕ ЯВЛЯЮТСЯ частью ВАШЕГО сообщества, а не того, другого, где один негатив из-за комплексов и нереализованных амбиций. Поддержка не заключается в том, что все зрители Вадима сейчас будут писать адские комментарии под видео тех, других, ребят. Разве такую аудиторию - агрессивную, депрессивную и хамскую, Вы у себя собирали? Уверена, что нет! Резюме всего написанного - Вадим, я, как Ваш зритель, буду счастлива, если Вы продолжите работу блогера. Если нет - Ваше право, и мы, зрители, примем это решение. СПАСИБО за ты работу, которую Вы делали и продолжаете делать, за новые идеи, новый форум! Может быть, мое обращение будет удалено, и, может быть, Вы его не увидите даже, но мне было важно написать это, чтобы Вы поняли для себя, что все, что Вы делали все эти годы, было не напрасно, и люди знают это, поэтому они с вами!",0,z22ishlifyz2vhw4b04t1aokgpu0dzqaxyrqoyj2pcnlbk0h00410,1
0,0,9 hours ago,False,/channel/UC4LsthEnBf7pwEyWWVO7WLg,1502611793817,Galina Seredina,0,true,0,"Вадим, добрый день! Посмотрела Ваше последнее видео и расстроилась. Впервые увидела Вас в таком подавленном состоянии. Поскольку Вы отключили возможность комментировать под тем видео - хочу обратиться к Вам здесь. Я понимаю, что Вам кажется, что Ваши подписчики и зрители Вас не отстояли и не защитили, а равнодушно стояли в стороне, но это не так. Подписчики Вас уважают за Ваши успехи и достижения в Австралии, уважают за то, что Вы достойный семьянин, доверяют Вашим советам и мнению. Именно поэтому они СМОТРЯТ Вас, ставят лайки, становятся членами нового форума, который Вы сделали. Поддержка заключается в том, что зрители ХОТЯТ БЫТЬ или УЖЕ ЯВЛЯЮТСЯ частью ВАШЕГО сообщества, а не того, другого, где один негатив из-за комплексов и нереализованных амбиций. Поддержка не заключается в том, что все зрители Вадима сейчас будут писать адские комментарии под видео тех, других, ребят. Разве такую аудиторию - агрессивную, депрессивную и хамскую, Вы у себя собирали? Уверена, что нет! Резюме всего написанного - Вадим, я, как Ваш зритель, буду счастлива, если Вы продолжите работу блогера. Если нет - Ваше право, и мы, зрители, примем это решение. СПАСИБО за ты работу, которую Вы делали и продолжаете делать, за новые идеи, новый форум! Может быть, мое обращение будет удалено, и, может быть, Вы его не увидите даже, но мне было важно написать это, чтобы Вы поняли для себя, что все, что Вы делали все эти годы, было не напрасно, и люди знают это, поэтому они с вами!",0,z22ishlifyz2vhw4b04t1aokgpu0dzqaxyrqoyj2pcnlbk0h00410,1
0,0,9 hours ago,False,/channel/UC4LsthEnBf7pwEyWWVO7WLg,1502611793817,Galina Seredina,0,true,0,"Вадим, добрый день! Посмотрела Ваше последнее видео и расстроилась. Впервые увидела Вас в таком подавленном состоянии. Поскольку Вы отключили возможность комментировать под тем видео - хочу обратиться к Вам здесь. Я понимаю, что Вам кажется, что Ваши подписчики и зрители Вас не отстояли и не защитили, а равнодушно стояли в стороне, но это не так. Подписчики Вас уважают за Ваши успехи и достижения в Австралии, уважают за то, что Вы достойный семьянин, доверяют Вашим советам и мнению. Именно поэтому они СМОТРЯТ Вас, ставят лайки, становятся членами нового форума, который Вы сделали. Поддержка заключается в том, что зрители ХОТЯТ БЫТЬ или УЖЕ ЯВЛЯЮТСЯ частью ВАШЕГО сообщества, а не того, другого, где один негатив из-за комплексов и нереализованных амбиций. Поддержка не заключается в том, что все зрители Вадима сейчас будут писать адские комментарии под видео тех, других, ребят. Разве такую аудиторию - агрессивную, депрессивную и хамскую, Вы у себя собирали? Уверена, что нет! Резюме всего написанного - Вадим, я, как Ваш зритель, буду счастлива, если Вы продолжите работу блогера. Если нет - Ваше право, и мы, зрители, примем это решение. СПАСИБО за ты работу, которую Вы делали и продолжаете делать, за новые идеи, новый форум! Может быть, мое обращение будет удалено, и, может быть, Вы его не увидите даже, но мне было важно написать это, чтобы Вы поняли для себя, что все, что Вы делали все эти годы, было не напрасно, и люди знают это, поэтому они с вами!",0,z22ishlifyz2vhw4b04t1aokgpu0dzqaxyrqoyj2pcnlbk0h00410,1
0,0,9 hours ago,False,/channel/UC4LsthEnBf7pwEyWWVO7WLg,1502611793817,Galina Seredina,0,true,0,"Вадим, добрый день! Посмотрела Ваше последнее видео и расстроилась. Впервые увидела Вас в таком подавленном состоянии. Поскольку Вы отключили возможность комментировать под тем видео - хочу обратиться к Вам здесь. Я понимаю, что Вам кажется, что Ваши подписчики и зрители Вас не отстояли и не защитили, а равнодушно стояли в стороне, но это не так. Подписчики Вас уважают за Ваши успехи и достижения в Австралии, уважают за то, что Вы достойный семьянин, доверяют Вашим советам и мнению. Именно поэтому они СМОТРЯТ Вас, ставят лайки, становятся членами нового форума, который Вы сделали. Поддержка заключается в том, что зрители ХОТЯТ БЫТЬ или УЖЕ ЯВЛЯЮТСЯ частью ВАШЕГО сообщества, а не того, другого, где один негатив из-за комплексов и нереализованных амбиций. Поддержка не заключается в том, что все зрители Вадима сейчас будут писать адские комментарии под видео тех, других, ребят. Разве такую аудиторию - агрессивную, депрессивную и хамскую, Вы у себя собирали? Уверена, что нет! Резюме всего написанного - Вадим, я, как Ваш зритель, буду счастлива, если Вы продолжите работу блогера. Если нет - Ваше право, и мы, зрители, примем это решение. СПАСИБО за ты работу, которую Вы делали и продолжаете делать, за новые идеи, новый форум! Может быть, мое обращение будет удалено, и, может быть, Вы его не увидите даже, но мне было важно написать это, чтобы Вы поняли для себя, что все, что Вы делали все эти годы, было не напрасно, и люди знают это, поэтому они с вами!",0,z22ishlifyz2vhw4b04t1aokgpu0dzqaxyrqoyj2pcnlbk0h00410,1
0,0,9 hours ago,False,/channel/UC4LsthEnBf7pwEyWWVO7WLg,1502611793817,Galina Seredina,0,true,0,"Вадим, добрый день! Посмотрела Ваше последнее видео и расстроилась. Впервые увидела Вас в таком подавленном состоянии. Поскольку Вы отключили возможность комментировать под тем видео - хочу обратиться к Вам здесь. Я понимаю, что Вам кажется, что Ваши подписчики и зрители Вас не отстояли и не защитили, а равнодушно стояли в стороне, но это не так. Подписчики Вас уважают за Ваши успехи и достижения в Австралии, уважают за то, что Вы достойный семьянин, доверяют Вашим советам и мнению. Именно поэтому они СМОТРЯТ Вас, ставят лайки, становятся членами нового форума, который Вы сделали. Поддержка заключается в том, что зрители ХОТЯТ БЫТЬ или УЖЕ ЯВЛЯЮТСЯ частью ВАШЕГО сообщества, а не того, другого, где один негатив из-за комплексов и нереализованных амбиций. Поддержка не заключается в том, что все зрители Вадима сейчас будут писать адские комментарии под видео тех, других, ребят. Разве такую аудиторию - агрессивную, депрессивную и хамскую, Вы у себя собирали? Уверена, что нет! Резюме всего написанного - Вадим, я, как Ваш зритель, буду счастлива, если Вы продолжите работу блогера. Если нет - Ваше право, и мы, зрители, примем это решение. СПАСИБО за ты работу, которую Вы делали и продолжаете делать, за новые идеи, новый форум! Может быть, мое обращение будет удалено, и, может быть, Вы его не увидите даже, но мне было важно написать это, чтобы Вы поняли для себя, что все, что Вы делали все эти годы, было не напрасно, и люди знают это, поэтому они с вами!",0,z22ishlifyz2vhw4b04t1aokgpu0dzqaxyrqoyj2pcnlbk0h00410,1
0,0,9 hours ago,False,/channel/UC4LsthEnBf7pwEyWWVO7WLg,1502611793817,Galina Seredina,0,true,0,"Вадим, добрый день! Посмотрела Ваше последнее видео и расстроилась. Впервые увидела Вас в таком подавленном состоянии. Поскольку Вы отключили возможность комментировать под тем видео - хочу обратиться к Вам здесь. Я понимаю, что Вам кажется, что Ваши подписчики и зрители Вас не отстояли и не защитили, а равнодушно стояли в стороне, но это не так. Подписчики Вас уважают за Ваши успехи и достижения в Австралии, уважают за то, что Вы достойный семьянин, доверяют Вашим советам и мнению. Именно поэтому они СМОТРЯТ Вас, ставят лайки, становятся членами нового форума, который Вы сделали. Поддержка заключается в том, что зрители ХОТЯТ БЫТЬ или УЖЕ ЯВЛЯЮТСЯ частью ВАШЕГО сообщества, а не того, другого, где один негатив из-за комплексов и нереализованных амбиций. Поддержка не заключается в том, что все зрители Вадима сейчас будут писать адские комментарии под видео тех, других, ребят. Разве такую аудиторию - агрессивную, депрессивную и хамскую, Вы у себя собирали? Уверена, что нет! Резюме всего написанного - Вадим, я, как Ваш зритель, буду счастлива, если Вы продолжите работу блогера. Если нет - Ваше право, и мы, зрители, примем это решение. СПАСИБО за ты работу, которую Вы делали и продолжаете делать, за новые идеи, новый форум! Может быть, мое обращение будет удалено, и, может быть, Вы его не увидите даже, но мне было важно написать это, чтобы Вы поняли для себя, что все, что Вы делали все эти годы, было не напрасно, и люди знают это, поэтому они с вами!",0,z22ishlifyz2vhw4b04t1aokgpu0dzqaxyrqoyj2pcnlbk0h00410,1
0,0,9 hours ago,False,/channel/UC4LsthEnBf7pwEyWWVO7WLg,1502611793817,Galina Seredina,0,true,0,"Вадим, добрый день! Посмотрела Ваше последнее видео и расстроилась. Впервые увидела Вас в таком подавленном состоянии. Поскольку Вы отключили возможность комментировать под тем видео - хочу обратиться к Вам здесь. Я понимаю, что Вам кажется, что Ваши подписчики и зрители Вас не отстояли и не защитили, а равнодушно стояли в стороне, но это не так. Подписчики Вас уважают за Ваши успехи и достижения в Австралии, уважают за то, что Вы достойный семьянин, доверяют Вашим советам и мнению. Именно поэтому они СМОТРЯТ Вас, ставят лайки, становятся членами нового форума, который Вы сделали. Поддержка заключается в том, что зрители ХОТЯТ БЫТЬ или УЖЕ ЯВЛЯЮТСЯ частью ВАШЕГО сообщества, а не того, другого, где один негатив из-за комплексов и нереализованных амбиций. Поддержка не заключается в том, что все зрители Вадима сейчас будут писать адские комментарии под видео тех, других, ребят. Разве такую аудиторию - агрессивную, депрессивную и хамскую, Вы у себя собирали? Уверена, что нет! Резюме всего написанного - Вадим, я, как Ваш зритель, буду счастлива, если Вы продолжите работу блогера. Если нет - Ваше право, и мы, зрители, примем это решение. СПАСИБО за ты работу, которую Вы делали и продолжаете делать, за новые идеи, новый форум! Может быть, мое обращение будет удалено, и, может быть, Вы его не увидите даже, но мне было важно написать это, чтобы Вы поняли для себя, что все, что Вы делали все эти годы, было не напрасно, и люди знают это, поэтому они с вами!",0,z22ishlifyz2vhw4b04t1aokgpu0dzqaxyrqoyj2pcnlbk0h00410,1
0,0,9 hours ago,False,/channel/UC4LsthEnBf7pwEyWWVO7WLg,1502611793817,Galina Seredina,0,true,0,"Вадим, добрый день! Посмотрела Ваше последнее видео и расстроилась. Впервые увидела Вас в таком подавленном состоянии. Поскольку Вы отключили возможность комментировать под тем видео - хочу обратиться к Вам здесь. Я понимаю, что Вам кажется, что Ваши подписчики и зрители Вас не отстояли и не защитили, а равнодушно стояли в стороне, но это не так. Подписчики Вас уважают за Ваши успехи и достижения в Австралии, уважают за то, что Вы достойный семьянин, доверяют Вашим советам и мнению. Именно поэтому они СМОТРЯТ Вас, ставят лайки, становятся членами нового форума, который Вы сделали. Поддержка заключается в том, что зрители ХОТЯТ БЫТЬ или УЖЕ ЯВЛЯЮТСЯ частью ВАШЕГО сообщества, а не того, другого, где один негатив из-за комплексов и нереализованных амбиций. Поддержка не заключается в том, что все зрители Вадима сейчас будут писать адские комментарии под видео тех, других, ребят. Разве такую аудиторию - агрессивную, депрессивную и хамскую, Вы у себя собирали? Уверена, что нет! Резюме всего написанного - Вадим, я, как Ваш зритель, буду счастлива, если Вы продолжите работу блогера. Если нет - Ваше право, и мы, зрители, примем это решение. СПАСИБО за ты работу, которую Вы делали и продолжаете делать, за новые идеи, новый форум! Может быть, мое обращение будет удалено, и, может быть, Вы его не увидите даже, но мне было важно написать это, чтобы Вы поняли для себя, что все, что Вы делали все эти годы, было не напрасно, и люди знают это, поэтому они с вами!",0,z22ishlifyz2vhw4b04t1aokgpu0dzqaxyrqoyj2pcnlbk0h00410,1
0,0,9 hours ago,False,/channel/UC4LsthEnBf7pwEyWWVO7WLg,1502611793817,Galina Seredina,0,true,0,"Вадим, добрый день! Посмотрела Ваше последнее видео и расстроилась. Впервые увидела Вас в таком подавленном состоянии. Поскольку Вы отключили возможность комментировать под тем видео - хочу обратиться к Вам здесь. Я понимаю, что Вам кажется, что Ваши подписчики и зрители Вас не отстояли и не защитили, а равнодушно стояли в стороне, но это не так. Подписчики Вас уважают за Ваши успехи и достижения в Австралии, уважают за то, что Вы достойный семьянин, доверяют Вашим советам и мнению. Именно поэтому они СМОТРЯТ Вас, ставят лайки, становятся членами нового форума, который Вы сделали. Поддержка заключается в том, что зрители ХОТЯТ БЫТЬ или УЖЕ ЯВЛЯЮТСЯ частью ВАШЕГО сообщества, а не того, другого, где один негатив из-за комплексов и нереализованных амбиций. Поддержка не заключается в том, что все зрители Вадима сейчас будут писать адские комментарии под видео тех, других, ребят. Разве такую аудиторию - агрессивную, депрессивную и хамскую, Вы у себя собирали? Уверена, что нет! Резюме всего написанного - Вадим, я, как Ваш зритель, буду счастлива, если Вы продолжите работу блогера. Если нет - Ваше право, и мы, зрители, примем это решение. СПАСИБО за ты работу, которую Вы делали и продолжаете делать, за новые идеи, новый форум! Может быть, мое обращение будет удалено, и, может быть, Вы его не увидите даже, но мне было важно написать это, чтобы Вы поняли для себя, что все, что Вы делали все эти годы, было не напрасно, и люди знают это, поэтому они с вами!",0,z22ishlifyz2vhw4b04t1aokgpu0dzqaxyrqoyj2pcnlbk0h00410,1
0,0,18 hours ago,False,/channel/UCR739vm0V4_A0QMat7yNJbg,1502579393844,Kg Et,0,true,0,"А выгодно ли вообще переежать? Австралия мне кажется от всех ""продвинутых"" стран мира отделена. Я живу в Германии. Родители суда переехали. Мне было 4 месяца. Сейчас мне кажется здесь делать уже нечего... 
Как вы считаете Вадим, выгодно ли или нет?",0,z222wh04ytmbxvkkoacdp43ackqmghcpzipzemnjnxhw03c010c,2
0,0,18 hours ago,False,/channel/UCR739vm0V4_A0QMat7yNJbg,1502579393844,Kg Et,0,true,0,"А выгодно ли вообще переежать? Австралия мне кажется от всех ""продвинутых"" стран мира отделена. Я живу в Германии. Родители суда переехали. Мне было 4 месяца. Сейчас мне кажется здесь делать уже нечего... 
Как вы считаете Вадим, выгодно ли или нет?",0,z222wh04ytmbxvkkoacdp43ackqmghcpzipzemnjnxhw03c010c,2
0,0,18 hours ago,False,/channel/UCR739vm0V4_A0QMat7yNJbg,1502579393844,Kg Et,0,true,0,"А выгодно ли вообще переежать? Австралия мне кажется от всех ""продвинутых"" стран мира отделена. Я живу в Германии. Родители суда переехали. Мне было 4 месяца. Сейчас мне кажется здесь делать уже нечего... 
Как вы считаете Вадим, выгодно ли или нет?",0,z222wh04ytmbxvkkoacdp43ackqmghcpzipzemnjnxhw03c010c,2
0,0,18 hours ago,False,/channel/UCR739vm0V4_A0QMat7yNJbg,1502579393844,Kg Et,0,true,0,"А выгодно ли вообще переежать? Австралия мне кажется от всех ""продвинутых"" стран мира отделена. Я живу в Германии. Родители суда переехали. Мне было 4 месяца. Сейчас мне кажется здесь делать уже нечего... 
Как вы считаете Вадим, выгодно ли или нет?",0,z222wh04ytmbxvkkoacdp43ackqmghcpzipzemnjnxhw03c010c,2
0,0,18 hours ago,False,/channel/UCR739vm0V4_A0QMat7yNJbg,1502579393844,Kg Et,0,true,0,"А выгодно ли вообще переежать? Австралия мне кажется от всех ""продвинутых"" стран мира отделена. Я живу в Германии. Родители суда переехали. Мне было 4 месяца. Сейчас мне кажется здесь делать уже нечего... 
Как вы считаете Вадим, выгодно ли или нет?",0,z222wh04ytmbxvkkoacdp43ackqmghcpzipzemnjnxhw03c010c,2
0,0,18 hours ago,False,/channel/UCR739vm0V4_A0QMat7yNJbg,1502579393844,Kg Et,0,true,0,"А выгодно ли вообще переежать? Австралия мне кажется от всех ""продвинутых"" стран мира отделена. Я живу в Германии. Родители суда переехали. Мне было 4 месяца. Сейчас мне кажется здесь делать уже нечего... 
Как вы считаете Вадим, выгодно ли или нет?",0,z222wh04ytmbxvkkoacdp43ackqmghcpzipzemnjnxhw03c010c,2
0,0,18 hours ago,False,/channel/UCR739vm0V4_A0QMat7yNJbg,1502579393844,Kg Et,0,true,0,"А выгодно ли вообще переежать? Австралия мне кажется от всех ""продвинутых"" стран мира отделена. Я живу в Германии. Родители суда переехали. Мне было 4 месяца. Сейчас мне кажется здесь делать уже нечего... 
Как вы считаете Вадим, выгодно ли или нет?",0,z222wh04ytmbxvkkoacdp43ackqmghcpzipzemnjnxhw03c010c,2
0,0,18 hours ago,False,/channel/UCR739vm0V4_A0QMat7yNJbg,1502579393844,Kg Et,0,true,0,"А выгодно ли вообще переежать? Австралия мне кажется от всех ""продвинутых"" стран мира отделена. Я живу в Германии. Родители суда переехали. Мне было 4 месяца. Сейчас мне кажется здесь делать уже нечего... 
Как вы считаете Вадим, выгодно ли или нет?",0,z222wh04ytmbxvkkoacdp43ackqmghcpzipzemnjnxhw03c010c,2
0,0,18 hours ago,False,/channel/UCR739vm0V4_A0QMat7yNJbg,1502579393844,Kg Et,0,true,0,"А выгодно ли вообще переежать? Австралия мне кажется от всех ""продвинутых"" стран мира отделена. Я живу в Германии. Родители суда переехали. Мне было 4 месяца. Сейчас мне кажется здесь делать уже нечего... 
Как вы считаете Вадим, выгодно ли или нет?",0,z222wh04ytmbxvkkoacdp43ackqmghcpzipzemnjnxhw03c010c,2
0,0,18 hours ago,False,/channel/UCR739vm0V4_A0QMat7yNJbg,1502579393844,Kg Et,0,true,0,"А выгодно ли вообще переежать? Австралия мне кажется от всех ""продвинутых"" стран мира отделена. Я живу в Германии. Родители суда переехали. Мне было 4 месяца. Сейчас мне кажется здесь делать уже нечего... 
Как вы считаете Вадим, выгодно ли или нет?",0,z222wh04ytmbxvkkoacdp43ackqmghcpzipzemnjnxhw03c010c,2
0,0,18 hours ago,False,/channel/UCR739vm0V4_A0QMat7yNJbg,1502579393844,Kg Et,0,true,0,"А выгодно ли вообще переежать? Австралия мне кажется от всех ""продвинутых"" стран мира отделена. Я живу в Германии. Родители суда переехали. Мне было 4 месяца. Сейчас мне кажется здесь делать уже нечего... 
Как вы считаете Вадим, выгодно ли или нет?",0,z222wh04ytmbxvkkoacdp43ackqmghcpzipzemnjnxhw03c010c,2
0,0,18 hours ago,False,/channel/UCR739vm0V4_A0QMat7yNJbg,1502579393844,Kg Et,0,true,0,"А выгодно ли вообще переежать? Австралия мне кажется от всех ""продвинутых"" стран мира отделена. Я живу в Германии. Родители суда переехали. Мне было 4 месяца. Сейчас мне кажется здесь делать уже нечего... 
Как вы считаете Вадим, выгодно ли или нет?",0,z222wh04ytmbxvkkoacdp43ackqmghcpzipzemnjnxhw03c010c,2
0,0,1 day ago,False,/channel/UCUp6bkRyMLyhHHTQ8TWMAPw,1502557793873,Лидия Пушкина,0,false,1,"Спасибо Вам за труд! Жаль ""лайки"" сбрасываются!Удачи и терпения!",0,z23vitoivu24zhmqo04t1aokga4fldjrj5qerse30nuebk0h00410,
0,0,1 day ago,False,/channel/UCUp6bkRyMLyhHHTQ8TWMAPw,1502557793873,Лидия Пушкина,0,false,1,"Спасибо Вам за труд! Жаль ""лайки"" сбрасываются!Удачи и терпения!",0,z23vitoivu24zhmqo04t1aokga4fldjrj5qerse30nuebk0h00410,
0,0,1 day ago,False,/channel/UCUp6bkRyMLyhHHTQ8TWMAPw,1502557793873,Лидия Пушкина,0,false,1,"Спасибо Вам за труд! Жаль ""лайки"" сбрасываются!Удачи и терпения!",0,z23vitoivu24zhmqo04t1aokga4fldjrj5qerse30nuebk0h00410,
0,0,1 day ago,False,/channel/UCUp6bkRyMLyhHHTQ8TWMAPw,1502557793873,Лидия Пушкина,0,false,1,"Спасибо Вам за труд! Жаль ""лайки"" сбрасываются!Удачи и терпения!",0,z23vitoivu24zhmqo04t1aokga4fldjrj5qerse30nuebk0h00410,
0,0,1 day ago,False,/channel/UCUp6bkRyMLyhHHTQ8TWMAPw,1502557793873,Лидия Пушкина,0,false,1,"Спасибо Вам за труд! Жаль ""лайки"" сбрасываются!Удачи и терпения!",0,z23vitoivu24zhmqo04t1aokga4fldjrj5qerse30nuebk0h00410,
0,0,1 day ago,False,/channel/UCUp6bkRyMLyhHHTQ8TWMAPw,1502557793873,Лидия Пушкина,0,false,1,"Спасибо Вам за труд! Жаль ""лайки"" сбрасываются!Удачи и терпения!",0,z23vitoivu24zhmqo04t1aokga4fldjrj5qerse30nuebk0h00410,
0,0,1 day ago,False,/channel/UCUp6bkRyMLyhHHTQ8TWMAPw,1502557793873,Лидия Пушкина,0,false,1,"Спасибо Вам за труд! Жаль ""лайки"" сбрасываются!Удачи и терпения!",0,z23vitoivu24zhmqo04t1aokga4fldjrj5qerse30nuebk0h00410,
0,0,1 day ago,False,/channel/UCUp6bkRyMLyhHHTQ8TWMAPw,1502557793873,Лидия Пушкина,0,false,1,"Спасибо Вам за труд! Жаль ""лайки"" сбрасываются!Удачи и терпения!",0,z23vitoivu24zhmqo04t1aokga4fldjrj5qerse30nuebk0h00410,
0,0,1 day ago,False,/channel/UCUp6bkRyMLyhHHTQ8TWMAPw,1502557793873,Лидия Пушкина,0,false,1,"Спасибо Вам за труд! Жаль ""лайки"" сбрасываются!Удачи и терпения!",0,z23vitoivu24zhmqo04t1aokga4fldjrj5qerse30nuebk0h00410,
0,0,1 day ago,False,/channel/UCUp6bkRyMLyhHHTQ8TWMAPw,1502557793873,Лидия Пушкина,0,false,1,"Спасибо Вам за труд! Жаль ""лайки"" сбрасываются!Удачи и терпения!",0,z23vitoivu24zhmqo04t1aokga4fldjrj5qerse30nuebk0h00410,
11,3168,1 day ago,False,/channel/UCERbvz5BrM-IneYHgBaHIJQ,1502557793883,Sergey Medvedkin,0,false,3,"Вадим, вы должны это знать: недавно путин со своей шайкой решил взяться за интернет, в частности за ютюб, на блогеров заводят уголовные дела, сажают в тюрьму, некоторых они просто покупают.  Он хочет поставить под контроль и эту часть свободного мира. Эта свора совсем озверела. И есть беспринципные твари, которые за деньги продадут все, что хочешь, они служат этому режиму. Поэтому, ребята, не поддавайтесь, мы с вами. Не читайте комментарии, отключайте их. Но поддаться на эту дешевку, я с читаю, сделать им большой подарок.",13,z22kufjy5rm2w5fjg04t1aokgzmr2f2r1jfaggwyf0p5rk0h00410,
11,3168,1 day ago,False,/channel/UCERbvz5BrM-IneYHgBaHIJQ,1502557793883,Sergey Medvedkin,0,false,3,"Вадим, вы должны это знать: недавно путин со своей шайкой решил взяться за интернет, в частности за ютюб, на блогеров заводят уголовные дела, сажают в тюрьму, некоторых они просто покупают.  Он хочет поставить под контроль и эту часть свободного мира. Эта свора совсем озверела. И есть беспринципные твари, которые за деньги продадут все, что хочешь, они служат этому режиму. Поэтому, ребята, не поддавайтесь, мы с вами. Не читайте комментарии, отключайте их. Но поддаться на эту дешевку, я с читаю, сделать им большой подарок.",13,z22kufjy5rm2w5fjg04t1aokgzmr2f2r1jfaggwyf0p5rk0h00410,
11,3168,1 day ago,False,/channel/UCERbvz5BrM-IneYHgBaHIJQ,1502557793883,Sergey Medvedkin,0,false,3,"Вадим, вы должны это знать: недавно путин со своей шайкой решил взяться за интернет, в частности за ютюб, на блогеров заводят уголовные дела, сажают в тюрьму, некоторых они просто покупают.  Он хочет поставить под контроль и эту часть свободного мира. Эта свора совсем озверела. И есть беспринципные твари, которые за деньги продадут все, что хочешь, они служат этому режиму. Поэтому, ребята, не поддавайтесь, мы с вами. Не читайте комментарии, отключайте их. Но поддаться на эту дешевку, я с читаю, сделать им большой подарок.",13,z22kufjy5rm2w5fjg04t1aokgzmr2f2r1jfaggwyf0p5rk0h00410,
11,3168,1 day ago,False,/channel/UCERbvz5BrM-IneYHgBaHIJQ,1502557793883,Sergey Medvedkin,0,false,3,"Вадим, вы должны это знать: недавно путин со своей шайкой решил взяться за интернет, в частности за ютюб, на блогеров заводят уголовные дела, сажают в тюрьму, некоторых они просто покупают.  Он хочет поставить под контроль и эту часть свободного мира. Эта свора совсем озверела. И есть беспринципные твари, которые за деньги продадут все, что хочешь, они служат этому режиму. Поэтому, ребята, не поддавайтесь, мы с вами. Не читайте комментарии, отключайте их. Но поддаться на эту дешевку, я с читаю, сделать им большой подарок.",13,z22kufjy5rm2w5fjg04t1aokgzmr2f2r1jfaggwyf0p5rk0h00410,
11,3168,1 day ago,False,/channel/UCERbvz5BrM-IneYHgBaHIJQ,1502557793883,Sergey Medvedkin,0,false,3,"Вадим, вы должны это знать: недавно путин со своей шайкой решил взяться за интернет, в частности за ютюб, на блогеров заводят уголовные дела, сажают в тюрьму, некоторых они просто покупают.  Он хочет поставить под контроль и эту часть свободного мира. Эта свора совсем озверела. И есть беспринципные твари, которые за деньги продадут все, что хочешь, они служат этому режиму. Поэтому, ребята, не поддавайтесь, мы с вами. Не читайте комментарии, отключайте их. Но поддаться на эту дешевку, я с читаю, сделать им большой подарок.",13,z22kufjy5rm2w5fjg04t1aokgzmr2f2r1jfaggwyf0p5rk0h00410,
11,3168,1 day ago,False,/channel/UCERbvz5BrM-IneYHgBaHIJQ,1502557793883,Sergey Medvedkin,0,false,3,"Вадим, вы должны это знать: недавно путин со своей шайкой решил взяться за интернет, в частности за ютюб, на блогеров заводят уголовные дела, сажают в тюрьму, некоторых они просто покупают.  Он хочет поставить под контроль и эту часть свободного мира. Эта свора совсем озверела. И есть беспринципные твари, которые за деньги продадут все, что хочешь, они служат этому режиму. Поэтому, ребята, не поддавайтесь, мы с вами. Не читайте комментарии, отключайте их. Но поддаться на эту дешевку, я с читаю, сделать им большой подарок.",13,z22kufjy5rm2w5fjg04t1aokgzmr2f2r1jfaggwyf0p5rk0h00410,
11,3168,1 day ago,False,/channel/UCERbvz5BrM-IneYHgBaHIJQ,1502557793883,Sergey Medvedkin,0,false,3,"Вадим, вы должны это знать: недавно путин со своей шайкой решил взяться за интернет, в частности за ютюб, на блогеров заводят уголовные дела, сажают в тюрьму, некоторых они просто покупают.  Он хочет поставить под контроль и эту часть свободного мира. Эта свора совсем озверела. И есть беспринципные твари, которые за деньги продадут все, что хочешь, они служат этому режиму. Поэтому, ребята, не поддавайтесь, мы с вами. Не читайте комментарии, отключайте их. Но поддаться на эту дешевку, я с читаю, сделать им большой подарок.",13,z22kufjy5rm2w5fjg04t1aokgzmr2f2r1jfaggwyf0p5rk0h00410,
11,3168,1 day ago,False,/channel/UCERbvz5BrM-IneYHgBaHIJQ,1502557793883,Sergey Medvedkin,0,false,3,"Вадим, вы должны это знать: недавно путин со своей шайкой решил взяться за интернет, в частности за ютюб, на блогеров заводят уголовные дела, сажают в тюрьму, некоторых они просто покупают.  Он хочет поставить под контроль и эту часть свободного мира. Эта свора совсем озверела. И есть беспринципные твари, которые за деньги продадут все, что хочешь, они служат этому режиму. Поэтому, ребята, не поддавайтесь, мы с вами. Не читайте комментарии, отключайте их. Но поддаться на эту дешевку, я с читаю, сделать им большой подарок.",13,z22kufjy5rm2w5fjg04t1aokgzmr2f2r1jfaggwyf0p5rk0h00410,
11,3168,1 day ago,False,/channel/UCERbvz5BrM-IneYHgBaHIJQ,1502557793883,Sergey Medvedkin,0,false,3,"Вадим, вы должны это знать: недавно путин со своей шайкой решил взяться за интернет, в частности за ютюб, на блогеров заводят уголовные дела, сажают в тюрьму, некоторых они просто покупают.  Он хочет поставить под контроль и эту часть свободного мира. Эта свора совсем озверела. И есть беспринципные твари, которые за деньги продадут все, что хочешь, они служат этому режиму. Поэтому, ребята, не поддавайтесь, мы с вами. Не читайте комментарии, отключайте их. Но поддаться на эту дешевку, я с читаю, сделать им большой подарок.",13,z22kufjy5rm2w5fjg04t1aokgzmr2f2r1jfaggwyf0p5rk0h00410,
11,3168,1 day ago,False,/channel/UCERbvz5BrM-IneYHgBaHIJQ,1502557793883,Sergey Medvedkin,0,false,3,"Вадим, вы должны это знать: недавно путин со своей шайкой решил взяться за интернет, в частности за ютюб, на блогеров заводят уголовные дела, сажают в тюрьму, некоторых они просто покупают.  Он хочет поставить под контроль и эту часть свободного мира. Эта свора совсем озверела. И есть беспринципные твари, которые за деньги продадут все, что хочешь, они служат этому режиму. Поэтому, ребята, не поддавайтесь, мы с вами. Не читайте комментарии, отключайте их. Но поддаться на эту дешевку, я с читаю, сделать им большой подарок.",13,z22kufjy5rm2w5fjg04t1aokgzmr2f2r1jfaggwyf0p5rk0h00410,
Undefined,Undefined,1 day ago,Undefined,/user/75vad,1502557793886,Vadim Gerasimov,Undefined,true,1,"Для тех кто не  понял смысл видео и считает что ""тема не раскрыта"". Он в двух фразах. Не умеешь заработать на Родине - не заработаешь и за рубежем.",Undefined,z221xfcpknmbjnmwd04t1aokgki1jihfldnjulm2nmvubk0h00410,1
Undefined,Undefined,1 day ago,Undefined,/user/75vad,1502557793886,Vadim Gerasimov,Undefined,true,1,"Для тех кто не  понял смысл видео и считает что ""тема не раскрыта"". Он в двух фразах. Не умеешь заработать на Родине - не заработаешь и за рубежем.",Undefined,z221xfcpknmbjnmwd04t1aokgki1jihfldnjulm2nmvubk0h00410,1
Undefined,Undefined,1 day ago,Undefined,/user/75vad,1502557793886,Vadim Gerasimov,Undefined,true,1,"Для тех кто не  понял смысл видео и считает что ""тема не раскрыта"". Он в двух фразах. Не умеешь заработать на Родине - не заработаешь и за рубежем.",Undefined,z221xfcpknmbjnmwd04t1aokgki1jihfldnjulm2nmvubk0h00410,1
Undefined,Undefined,1 day ago,Undefined,/user/75vad,1502557793886,Vadim Gerasimov,Undefined,true,1,"Для тех кто не  понял смысл видео и считает что ""тема не раскрыта"". Он в двух фразах. Не умеешь заработать на Родине - не заработаешь и за рубежем.",Undefined,z221xfcpknmbjnmwd04t1aokgki1jihfldnjulm2nmvubk0h00410,1
Undefined,Undefined,1 day ago,Undefined,/user/75vad,1502557793886,Vadim Gerasimov,Undefined,true,1,"Для тех кто не  понял смысл видео и считает что ""тема не раскрыта"". Он в двух фразах. Не умеешь заработать на Родине - не заработаешь и за рубежем.",Undefined,z221xfcpknmbjnmwd04t1aokgki1jihfldnjulm2nmvubk0h00410,1
Undefined,Undefined,1 day ago,Undefined,/user/75vad,1502557793886,Vadim Gerasimov,Undefined,true,1,"Для тех кто не  понял смысл видео и считает что ""тема не раскрыта"". Он в двух фразах. Не умеешь заработать на Родине - не заработаешь и за рубежем.",Undefined,z221xfcpknmbjnmwd04t1aokgki1jihfldnjulm2nmvubk0h00410,1
Undefined,Undefined,1 day ago,Undefined,/user/75vad,1502557793886,Vadim Gerasimov,Undefined,true,1,"Для тех кто не  понял смысл видео и считает что ""тема не раскрыта"". Он в двух фразах. Не умеешь заработать на Родине - не заработаешь и за рубежем.",Undefined,z221xfcpknmbjnmwd04t1aokgki1jihfldnjulm2nmvubk0h00410,1
Undefined,Undefined,1 day ago,Undefined,/user/75vad,1502557793886,Vadim Gerasimov,Undefined,true,1,"Для тех кто не  понял смысл видео и считает что ""тема не раскрыта"". Он в двух фразах. Не умеешь заработать на Родине - не заработаешь и за рубежем.",Undefined,z221xfcpknmbjnmwd04t1aokgki1jihfldnjulm2nmvubk0h00410,1
Undefined,Undefined,1 day ago,Undefined,/user/75vad,1502557793886,Vadim Gerasimov,Undefined,true,1,"Для тех кто не  понял смысл видео и считает что ""тема не раскрыта"". Он в двух фразах. Не умеешь заработать на Родине - не заработаешь и за рубежем.",Undefined,z221xfcpknmbjnmwd04t1aokgki1jihfldnjulm2nmvubk0h00410,1
Undefined,Undefined,1 day ago,Undefined,/user/75vad,1502557793886,Vadim Gerasimov,Undefined,true,1,"Для тех кто не  понял смысл видео и считает что ""тема не раскрыта"". Он в двух фразах. Не умеешь заработать на Родине - не заработаешь и за рубежем.",Undefined,z221xfcpknmbjnmwd04t1aokgki1jihfldnjulm2nmvubk0h00410,1
Undefined,Undefined,1 day ago,Undefined,/user/75vad,1502557793886,Vadim Gerasimov,Undefined,true,1,"Для тех кто не  понял смысл видео и считает что ""тема не раскрыта"". Он в двух фразах. Не умеешь заработать на Родине - не заработаешь и за рубежем.",Undefined,z221xfcpknmbjnmwd04t1aokgki1jihfldnjulm2nmvubk0h00410,1
Undefined,Undefined,1 day ago,Undefined,/user/75vad,1502557793886,Vadim Gerasimov,Undefined,true,1,"Для тех кто не  понял смысл видео и считает что ""тема не раскрыта"". Он в двух фразах. Не умеешь заработать на Родине - не заработаешь и за рубежем.",Undefined,z221xfcpknmbjnmwd04t1aokgki1jihfldnjulm2nmvubk0h00410,1
0,0,1 day ago,False,/channel/UCAYeewsLWZTzWSGEskaHxEw,1502557793895,Ilya Paraskevich,0,false,2,"Я не понял, так а где ответ на вопрос ""сколько?"" Сколько бабла нужно накопить?",0,z23wypwhgmjpxrfoz04t1aokggsenf2vxgojuwvssordrk0h00410,
0,0,1 day ago,False,/channel/UCAYeewsLWZTzWSGEskaHxEw,1502557793895,Ilya Paraskevich,0,false,2,"Я не понял, так а где ответ на вопрос ""сколько?"" Сколько бабла нужно накопить?",0,z23wypwhgmjpxrfoz04t1aokggsenf2vxgojuwvssordrk0h00410,
0,0,1 day ago,False,/channel/UCAYeewsLWZTzWSGEskaHxEw,1502557793895,Ilya Paraskevich,0,false,2,"Я не понял, так а где ответ на вопрос ""сколько?"" Сколько бабла нужно накопить?",0,z23wypwhgmjpxrfoz04t1aokggsenf2vxgojuwvssordrk0h00410,
0,0,1 day ago,False,/channel/UCAYeewsLWZTzWSGEskaHxEw,1502557793895,Ilya Paraskevich,0,false,2,"Я не понял, так а где ответ на вопрос ""сколько?"" Сколько бабла нужно накопить?",0,z23wypwhgmjpxrfoz04t1aokggsenf2vxgojuwvssordrk0h00410,
0,0,1 day ago,False,/channel/UCAYeewsLWZTzWSGEskaHxEw,1502557793895,Ilya Paraskevich,0,false,2,"Я не понял, так а где ответ на вопрос ""сколько?"" Сколько бабла нужно накопить?",0,z23wypwhgmjpxrfoz04t1aokggsenf2vxgojuwvssordrk0h00410,
0,0,1 day ago,False,/channel/UCAYeewsLWZTzWSGEskaHxEw,1502557793895,Ilya Paraskevich,0,false,2,"Я не понял, так а где ответ на вопрос ""сколько?"" Сколько бабла нужно накопить?",0,z23wypwhgmjpxrfoz04t1aokggsenf2vxgojuwvssordrk0h00410,
0,0,1 day ago,False,/channel/UCAYeewsLWZTzWSGEskaHxEw,1502557793895,Ilya Paraskevich,0,false,2,"Я не понял, так а где ответ на вопрос ""сколько?"" Сколько бабла нужно накопить?",0,z23wypwhgmjpxrfoz04t1aokggsenf2vxgojuwvssordrk0h00410,
0,0,1 day ago,False,/channel/UCAYeewsLWZTzWSGEskaHxEw,1502557793895,Ilya Paraskevich,0,false,2,"Я не понял, так а где ответ на вопрос ""сколько?"" Сколько бабла нужно накопить?",0,z23wypwhgmjpxrfoz04t1aokggsenf2vxgojuwvssordrk0h00410,
0,0,1 day ago,False,/channel/UCAYeewsLWZTzWSGEskaHxEw,1502557793895,Ilya Paraskevich,0,false,2,"Я не понял, так а где ответ на вопрос ""сколько?"" Сколько бабла нужно накопить?",0,z23wypwhgmjpxrfoz04t1aokggsenf2vxgojuwvssordrk0h00410,
0,0,1 day ago,False,/channel/UCAYeewsLWZTzWSGEskaHxEw,1502557793895,Ilya Paraskevich,0,false,2,"Я не понял, так а где ответ на вопрос ""сколько?"" Сколько бабла нужно накопить?",0,z23wypwhgmjpxrfoz04t1aokggsenf2vxgojuwvssordrk0h00410,
0,0,1 day ago,False,/channel/UCCtWYYIT0woXVmX-Qt_ioVA,1502557793896,Max Rockatansky,0,false,0,Ну всё пора есть мивину и копить на переезд,0,z231i3vxtuvagzwix04t1aokgebepbrzfdyfo5iuzue0bk0h00410,
0,0,1 day ago,False,/channel/UCCtWYYIT0woXVmX-Qt_ioVA,1502557793896,Max Rockatansky,0,false,0,Ну всё пора есть мивину и копить на переезд,0,z231i3vxtuvagzwix04t1aokgebepbrzfdyfo5iuzue0bk0h00410,
0,0,1 day ago,False,/channel/UCCtWYYIT0woXVmX-Qt_ioVA,1502557793896,Max Rockatansky,0,false,0,Ну всё пора есть мивину и копить на переезд,0,z231i3vxtuvagzwix04t1aokgebepbrzfdyfo5iuzue0bk0h00410,
0,0,1 day ago,False,/channel/UCCtWYYIT0woXVmX-Qt_ioVA,1502557793896,Max Rockatansky,0,false,0,Ну всё пора есть мивину и копить на переезд,0,z231i3vxtuvagzwix04t1aokgebepbrzfdyfo5iuzue0bk0h00410,
0,0,1 day ago,False,/channel/UCCtWYYIT0woXVmX-Qt_ioVA,1502557793896,Max Rockatansky,0,false,0,Ну вс пора есть мивину и копить на переезд,0,z231i3vxtuvagzwix04t1aokgebepbrzfdyfo5iuzue0bk0h00410,
0,0,1 day ago,False,/channel/UCCtWYYIT0woXVmX-Qt_ioVA,1502557793896,Max Rockatansky,0,false,0,Ну вс пора есть мивину и копить на переезд,0,z231i3vxtuvagzwix04t1aokgebepbrzfdyfo5iuzue0bk0h00410,
0,0,1 day ago,False,/channel/UCCtWYYIT0woXVmX-Qt_ioVA,1502557793896,Max Rockatansky,0,false,0,Ну вс пора есть мивину и копить на переезд,0,z231i3vxtuvagzwix04t1aokgebepbrzfdyfo5iuzue0bk0h00410,
0,0,1 day ago,False,/channel/UCCtWYYIT0woXVmX-Qt_ioVA,1502557793896,Max Rockatansky,0,false,0,Ну вс пора есть мивину и копить на переезд,0,z231i3vxtuvagzwix04t1aokgebepbrzfdyfo5iuzue0bk0h00410,
0,0,1 day ago,False,/channel/UCCtWYYIT0woXVmX-Qt_ioVA,1502557793896,Max Rockatansky,0,false,0,Ну вс пора есть мивину и копить на переезд,0,z231i3vxtuvagzwix04t1aokgebepbrzfdyfo5iuzue0bk0h00410,
0,0,1 day ago,False,/channel/UCCtWYYIT0woXVmX-Qt_ioVA,1502557793896,Max Rockatansky,0,false,0,Ну вс пора есть мивину и копить на переезд,0,z231i3vxtuvagzwix04t1aokgebepbrzfdyfo5iuzue0bk0h00410,
Undefined,Undefined,2 days ago,Undefined,/user/DimonNSK,1502471393898,F0cus,Undefined,true,3,Живу в Мегаполисе (( Получаю 30 тыс руб. Подрабатываю. Видимо что-то делаю не так. Средняя ЗП в регионе 28 тыс. руб. Живя в Москве и зарабатывая в 60-100 тыс руб. Не стоит забывать что надо и аренду платить( Так что вопрос очень спорный по этому поводу(,Undefined,z23ewdezyuvwfvnzf04t1aokgxbjyyfvnx3dwazkhy1tbk0h00410,1
Undefined,Undefined,2 days ago,Undefined,/user/DimonNSK,1502471393898,F0cus,Undefined,true,3,Живу в Мегаполисе (( Получаю 30 тыс руб. Подрабатываю. Видимо что-то делаю не так. Средняя ЗП в регионе 28 тыс. руб. Живя в Москве и зарабатывая в 60-100 тыс руб. Не стоит забывать что надо и аренду платить( Так что вопрос очень спорный по этому поводу(,Undefined,z23ewdezyuvwfvnzf04t1aokgxbjyyfvnx3dwazkhy1tbk0h00410,1
Undefined,Undefined,2 days ago,Undefined,/user/DimonNSK,1502471393898,F0cus,Undefined,true,3,Живу в Мегаполисе (( Получаю 30 тыс руб. Подрабатываю. Видимо что-то делаю не так. Средняя ЗП в регионе 28 тыс. руб. Живя в Москве и зарабатывая в 60-100 тыс руб. Не стоит забывать что надо и аренду платить( Так что вопрос очень спорный по этому поводу(,Undefined,z23ewdezyuvwfvnzf04t1aokgxbjyyfvnx3dwazkhy1tbk0h00410,1
Undefined,Undefined,2 days ago,Undefined,/user/DimonNSK,1502471393898,F0cus,Undefined,true,3,Живу в Мегаполисе (( Получаю 30 тыс руб. Подрабатываю. Видимо что-то делаю не так. Средняя ЗП в регионе 28 тыс. руб. Живя в Москве и зарабатывая в 60-100 тыс руб. Не стоит забывать что надо и аренду платить( Так что вопрос очень спорный по этому поводу(,Undefined,z23ewdezyuvwfvnzf04t1aokgxbjyyfvnx3dwazkhy1tbk0h00410,1
Undefined,Undefined,2 days ago,Undefined,/user/DimonNSK,1502471393898,F0cus,Undefined,true,3,Живу в Мегаполисе (( Получаю 30 тыс руб. Подрабатываю. Видимо что-то делаю не так. Средняя ЗП в регионе 28 тыс. руб. Живя в Москве и зарабатывая в 60-100 тыс руб. Не стоит забывать что надо и аренду платить( Так что вопрос очень спорный по этому поводу(,Undefined,z23ewdezyuvwfvnzf04t1aokgxbjyyfvnx3dwazkhy1tbk0h00410,1
Undefined,Undefined,2 days ago,Undefined,/user/DimonNSK,1502471393898,F0cus,Undefined,true,3,Живу в Мегаполисе (( Получаю 30 тыс руб. Подрабатываю. Видимо что-то делаю не так. Средняя ЗП в регионе 28 тыс. руб. Живя в Москве и зарабатывая в 60-100 тыс руб. Не стоит забывать что надо и аренду платить( Так что вопрос очень спорный по этому поводу(,Undefined,z23ewdezyuvwfvnzf04t1aokgxbjyyfvnx3dwazkhy1tbk0h00410,1
Undefined,Undefined,2 days ago,Undefined,/user/DimonNSK,1502471393898,F0cus,Undefined,true,3,Живу в Мегаполисе (( Получаю 30 тыс руб. Подрабатываю. Видимо что-то делаю не так. Средняя ЗП в регионе 28 тыс. руб. Живя в Москве и зарабатывая в 60-100 тыс руб. Не стоит забывать что надо и аренду платить( Так что вопрос очень спорный по этому поводу(,Undefined,z23ewdezyuvwfvnzf04t1aokgxbjyyfvnx3dwazkhy1tbk0h00410,1
Undefined,Undefined,2 days ago,Undefined,/user/DimonNSK,1502471393898,F0cus,Undefined,true,3,Живу в Мегаполисе (( Получаю 30 тыс руб. Подрабатываю. Видимо что-то делаю не так. Средняя ЗП в регионе 28 тыс. руб. Живя в Москве и зарабатывая в 60-100 тыс руб. Не стоит забывать что надо и аренду платить( Так что вопрос очень спорный по этому поводу(,Undefined,z23ewdezyuvwfvnzf04t1aokgxbjyyfvnx3dwazkhy1tbk0h00410,1
Undefined,Undefined,2 days ago,Undefined,/user/DimonNSK,1502471393898,F0cus,Undefined,true,3,Живу в Мегаполисе (( Получаю 30 тыс руб. Подрабатываю. Видимо что-то делаю не так. Средняя ЗП в регионе 28 тыс. руб. Живя в Москве и зарабатывая в 60-100 тыс руб. Не стоит забывать что надо и аренду платить( Так что вопрос очень спорный по этому поводу(,Undefined,z23ewdezyuvwfvnzf04t1aokgxbjyyfvnx3dwazkhy1tbk0h00410,1
Undefined,Undefined,2 days ago,Undefined,/user/DimonNSK,1502471393898,F0cus,Undefined,true,3,Живу в Мегаполисе (( Получаю 30 тыс руб. Подрабатываю. Видимо что-то делаю не так. Средняя ЗП в регионе 28 тыс. руб. Живя в Москве и зарабатывая в 60-100 тыс руб. Не стоит забывать что надо и аренду платить( Так что вопрос очень спорный по этому поводу(,Undefined,z23ewdezyuvwfvnzf04t1aokgxbjyyfvnx3dwazkhy1tbk0h00410,1
Undefined,Undefined,2 days ago,Undefined,/user/DimonNSK,1502471393898,F0cus,Undefined,true,3,Живу в Мегаполисе (( Получаю 30 тыс руб. Подрабатываю. Видимо что-то делаю не так. Средняя ЗП в регионе 28 тыс. руб. Живя в Москве и зарабатывая в 60-100 тыс руб. Не стоит забывать что надо и аренду платить( Так что вопрос очень спорный по этому поводу(,Undefined,z23ewdezyuvwfvnzf04t1aokgxbjyyfvnx3dwazkhy1tbk0h00410,1
Undefined,Undefined,2 days ago,Undefined,/user/DimonNSK,1502471393898,F0cus,Undefined,true,3,Живу в Мегаполисе (( Получаю 30 тыс руб. Подрабатываю. Видимо что-то делаю не так. Средняя ЗП в регионе 28 тыс. руб. Живя в Москве и зарабатывая в 60-100 тыс руб. Не стоит забывать что надо и аренду платить( Так что вопрос очень спорный по этому поводу(,Undefined,z23ewdezyuvwfvnzf04t1aokgxbjyyfvnx3dwazkhy1tbk0h00410,1
Undefined,Undefined,2 days ago,Undefined,/user/MrNetable,1502471393906,MrNetable,Undefined,false,1,"Вадим, вот мне кажется, что у вас получилось бы заполнить нишу о истории русскоязычной иммиграции в Австралию.
Мне повезло, в середине конце 90-х мы часто собирались в русском клубе что в Strathfield, где к нам присоединялись и старые эмигранты из Китая. Очень открытые и доброжелательные люди которые рассказывали нам настоящую историю, о том же Колчаке и атамане Семёнове, и о Деникене также. 
В то время, за нашим столиком в клубе сидели Украинцы, Литовцы, Русские, и ещё неизвестно кто. )) Мы пили водку из графинов, курили кубинские сигары, и нам было в среднем по 25 лет. ))
О том, что, может уделите внимание истории?",Undefined,z23bzdqorletjjvnfacdp431ooxb0ghm212je4kmwvpw03c010c,
Undefined,Undefined,2 days ago,Undefined,/user/MrNetable,1502471393906,MrNetable,Undefined,false,1,"Вадим, вот мне кажется, что у вас получилось бы заполнить нишу о истории русскоязычной иммиграции в Австралию.
Мне повезло, в середине конце 90-х мы часто собирались в русском клубе что в Strathfield, где к нам присоединялись и старые эмигранты из Китая. Очень открытые и доброжелательные люди которые рассказывали нам настоящую историю, о том же Колчаке и атамане Семёнове, и о Деникене также. 
В то время, за нашим столиком в клубе сидели Украинцы, Литовцы, Русские, и ещё неизвестно кто. )) Мы пили водку из графинов, курили кубинские сигары, и нам было в среднем по 25 лет. ))
О том, что, может уделите внимание истории?",Undefined,z23bzdqorletjjvnfacdp431ooxb0ghm212je4kmwvpw03c010c,
Undefined,Undefined,2 days ago,Undefined,/user/MrNetable,1502471393906,MrNetable,Undefined,false,1,"Вадим, вот мне кажется, что у вас получилось бы заполнить нишу о истории русскоязычной иммиграции в Австралию.
Мне повезло, в середине конце 90-х мы часто собирались в русском клубе что в Strathfield, где к нам присоединялись и старые эмигранты из Китая. Очень открытые и доброжелательные люди которые рассказывали нам настоящую историю, о том же Колчаке и атамане Семёнове, и о Деникене также. 
В то время, за нашим столиком в клубе сидели Украинцы, Литовцы, Русские, и ещё неизвестно кто. )) Мы пили водку из графинов, курили кубинские сигары, и нам было в среднем по 25 лет. ))
О том, что, может уделите внимание истории?",Undefined,z23bzdqorletjjvnfacdp431ooxb0ghm212je4kmwvpw03c010c,
Undefined,Undefined,2 days ago,Undefined,/user/MrNetable,1502471393906,MrNetable,Undefined,false,1,"Вадим, вот мне кажется, что у вас получилось бы заполнить нишу о истории русскоязычной иммиграции в Австралию.
Мне повезло, в середине конце 90-х мы часто собирались в русском клубе что в Strathfield, где к нам присоединялись и старые эмигранты из Китая. Очень открытые и доброжелательные люди которые рассказывали нам настоящую историю, о том же Колчаке и атамане Семёнове, и о Деникене также. 
В то время, за нашим столиком в клубе сидели Украинцы, Литовцы, Русские, и ещё неизвестно кто. )) Мы пили водку из графинов, курили кубинские сигары, и нам было в среднем по 25 лет. ))
О том, что, может уделите внимание истории?",Undefined,z23bzdqorletjjvnfacdp431ooxb0ghm212je4kmwvpw03c010c,
Undefined,Undefined,2 days ago,Undefined,/user/MrNetable,1502471393906,MrNetable,Undefined,false,1,"Вадим, вот мне кажется, что у вас получилось бы заполнить нишу о истории русскоязычной иммиграции в Австралию.
Мне повезло, в середине конце 90-х мы часто собирались в русском клубе что в Strathfield, где к нам присоединялись и старые эмигранты из Китая. Очень открытые и доброжелательные люди которые рассказывали нам настоящую историю, о том же Колчаке и атамане Семнове, и о Деникене также. 
В то время, за нашим столиком в клубе сидели Украинцы, Литовцы, Русские, и ещ неизвестно кто. )) Мы пили водку из графинов, курили кубинские сигары, и нам было в среднем по 25 лет. ))
О том, что, может уделите внимание истории?",Undefined,z23bzdqorletjjvnfacdp431ooxb0ghm212je4kmwvpw03c010c,
Undefined,Undefined,2 days ago,Undefined,/user/MrNetable,1502471393906,MrNetable,Undefined,false,1,"Вадим, вот мне кажется, что у вас получилось бы заполнить нишу о истории русскоязычной иммиграции в Австралию.
Мне повезло, в середине конце 90-х мы часто собирались в русском клубе что в Strathfield, где к нам присоединялись и старые эмигранты из Китая. Очень открытые и доброжелательные люди которые рассказывали нам настоящую историю, о том же Колчаке и атамане Семнове, и о Деникене также. 
В то время, за нашим столиком в клубе сидели Украинцы, Литовцы, Русские, и ещ неизвестно кто. )) Мы пили водку из графинов, курили кубинские сигары, и нам было в среднем по 25 лет. ))
О том, что, может уделите внимание истории?",Undefined,z23bzdqorletjjvnfacdp431ooxb0ghm212je4kmwvpw03c010c,
Undefined,Undefined,2 days ago,Undefined,/user/MrNetable,1502471393906,MrNetable,Undefined,false,1,"Вадим, вот мне кажется, что у вас получилось бы заполнить нишу о истории русскоязычной иммиграции в Австралию.
Мне повезло, в середине конце 90-х мы часто собирались в русском клубе что в Strathfield, где к нам присоединялись и старые эмигранты из Китая. Очень открытые и доброжелательные люди которые рассказывали нам настоящую историю, о том же Колчаке и атамане Семнове, и о Деникене также. 
В то время, за нашим столиком в клубе сидели Украинцы, Литовцы, Русские, и ещ неизвестно кто. )) Мы пили водку из графинов, курили кубинские сигары, и нам было в среднем по 25 лет. ))
О том, что, может уделите внимание истории?",Undefined,z23bzdqorletjjvnfacdp431ooxb0ghm212je4kmwvpw03c010c,
Undefined,Undefined,2 days ago,Undefined,/user/MrNetable,1502471393906,MrNetable,Undefined,false,1,"Вадим, вот мне кажется, что у вас получилось бы заполнить нишу о истории русскоязычной иммиграции в Австралию.
Мне повезло, в середине конце 90-х мы часто собирались в русском клубе что в Strathfield, где к нам присоединялись и старые эмигранты из Китая. Очень открытые и доброжелательные люди которые рассказывали нам настоящую историю, о том же Колчаке и атамане Семнове, и о Деникене также. 
В то время, за нашим столиком в клубе сидели Украинцы, Литовцы, Русские, и ещ неизвестно кто. )) Мы пили водку из графинов, курили кубинские сигары, и нам было в среднем по 25 лет. ))
О том, что, может уделите внимание истории?",Undefined,z23bzdqorletjjvnfacdp431ooxb0ghm212je4kmwvpw03c010c,
Undefined,Undefined,2 days ago,Undefined,/user/MrNetable,1502471393906,MrNetable,Undefined,false,1,"Вадим, вот мне кажется, что у вас получилось бы заполнить нишу о истории русскоязычной иммиграции в Австралию.
Мне повезло, в середине конце 90-х мы часто собирались в русском клубе что в Strathfield, где к нам присоединялись и старые эмигранты из Китая. Очень открытые и доброжелательные люди которые рассказывали нам настоящую историю, о том же Колчаке и атамане Семнове, и о Деникене также. 
В то время, за нашим столиком в клубе сидели Украинцы, Литовцы, Русские, и ещ неизвестно кто. )) Мы пили водку из графинов, курили кубинские сигары, и нам было в среднем по 25 лет. ))
О том, что, может уделите внимание истории?",Undefined,z23bzdqorletjjvnfacdp431ooxb0ghm212je4kmwvpw03c010c,
Undefined,Undefined,2 days ago,Undefined,/user/MrNetable,1502471393906,MrNetable,Undefined,false,1,"Вадим, вот мне кажется, что у вас получилось бы заполнить нишу о истории русскоязычной иммиграции в Австралию.
Мне повезло, в середине конце 90-х мы часто собирались в русском клубе что в Strathfield, где к нам присоединялись и старые эмигранты из Китая. Очень открытые и доброжелательные люди которые рассказывали нам настоящую историю, о том же Колчаке и атамане Семнове, и о Деникене также. 
В то время, за нашим столиком в клубе сидели Украинцы, Литовцы, Русские, и ещ неизвестно кто. )) Мы пили водку из графинов, курили кубинские сигары, и нам было в среднем по 25 лет. ))
О том, что, может уделите внимание истории?",Undefined,z23bzdqorletjjvnfacdp431ooxb0ghm212je4kmwvpw03c010c,
12,0,2 days ago,False,/channel/UCIs0-ra3pmw-yBwjsWBVKKg,1502471393908,Shilkin Petr,0,false,1,"абсолютно согласен, это не для тех, кто мучает себя вопросом ""в чем смысл жизни"". Приходится платить всем: временем, деньгами, здоровьем, личной жизнью. Иначе никак.",0,z234zlxj5v2ldtotkacdp431h2ops0itjsce3repkqlw03c010c,
12,0,2 days ago,False,/channel/UCIs0-ra3pmw-yBwjsWBVKKg,1502471393908,Shilkin Petr,0,false,1,"абсолютно согласен, это не для тех, кто мучает себя вопросом ""в чем смысл жизни"". Приходится платить всем: временем, деньгами, здоровьем, личной жизнью. Иначе никак.",0,z234zlxj5v2ldtotkacdp431h2ops0itjsce3repkqlw03c010c,
12,0,2 days ago,False,/channel/UCIs0-ra3pmw-yBwjsWBVKKg,1502471393908,Shilkin Petr,0,false,1,"абсолютно согласен, это не для тех, кто мучает себя вопросом ""в чем смысл жизни"". Приходится платить всем: временем, деньгами, здоровьем, личной жизнью. Иначе никак.",0,z234zlxj5v2ldtotkacdp431h2ops0itjsce3repkqlw03c010c,
12,0,2 days ago,False,/channel/UCIs0-ra3pmw-yBwjsWBVKKg,1502471393908,Shilkin Petr,0,false,1,"абсолютно согласен, это не для тех, кто мучает себя вопросом ""в чем смысл жизни"". Приходится платить всем: временем, деньгами, здоровьем, личной жизнью. Иначе никак.",0,z234zlxj5v2ldtotkacdp431h2ops0itjsce3repkqlw03c010c,
12,0,2 days ago,False,/channel/UCIs0-ra3pmw-yBwjsWBVKKg,1502471393908,Shilkin Petr,0,false,1,"абсолютно согласен, это не для тех, кто мучает себя вопросом ""в чем смысл жизни"". Приходится платить всем: временем, деньгами, здоровьем, личной жизнью. Иначе никак.",0,z234zlxj5v2ldtotkacdp431h2ops0itjsce3repkqlw03c010c,
12,0,2 days ago,False,/channel/UCIs0-ra3pmw-yBwjsWBVKKg,1502471393908,Shilkin Petr,0,false,1,"абсолютно согласен, это не для тех, кто мучает себя вопросом ""в чем смысл жизни"". Приходится платить всем: временем, деньгами, здоровьем, личной жизнью. Иначе никак.",0,z234zlxj5v2ldtotkacdp431h2ops0itjsce3repkqlw03c010c,
12,0,2 days ago,False,/channel/UCIs0-ra3pmw-yBwjsWBVKKg,1502471393908,Shilkin Petr,0,false,1,"абсолютно согласен, это не для тех, кто мучает себя вопросом ""в чем смысл жизни"". Приходится платить всем: временем, деньгами, здоровьем, личной жизнью. Иначе никак.",0,z234zlxj5v2ldtotkacdp431h2ops0itjsce3repkqlw03c010c,
12,0,2 days ago,False,/channel/UCIs0-ra3pmw-yBwjsWBVKKg,1502471393908,Shilkin Petr,0,false,1,"абсолютно согласен, это не для тех, кто мучает себя вопросом ""в чем смысл жизни"". Приходится платить всем: временем, деньгами, здоровьем, личной жизнью. Иначе никак.",0,z234zlxj5v2ldtotkacdp431h2ops0itjsce3repkqlw03c010c,
12,0,2 days ago,False,/channel/UCIs0-ra3pmw-yBwjsWBVKKg,1502471393908,Shilkin Petr,0,false,1,"абсолютно согласен, это не для тех, кто мучает себя вопросом ""в чем смысл жизни"". Приходится платить всем: временем, деньгами, здоровьем, личной жизнью. Иначе никак.",0,z234zlxj5v2ldtotkacdp431h2ops0itjsce3repkqlw03c010c,
12,0,2 days ago,False,/channel/UCIs0-ra3pmw-yBwjsWBVKKg,1502471393908,Shilkin Petr,0,false,1,"абсолютно согласен, это не для тех, кто мучает себя вопросом ""в чем смысл жизни"". Приходится платить всем: временем, деньгами, здоровьем, личной жизнью. Иначе никак.",0,z234zlxj5v2ldtotkacdp431h2ops0itjsce3repkqlw03c010c,
0,0,2 days ago,False,/channel/UCR739vm0V4_A0QMat7yNJbg,1502471393909,Kg Et,0,true,1,"Vadim Gerasimov, что с вашим Instagram?",0,z222wh04ytmbxvkkoacdp43b2t3bujbdwlu3y2jyai5w03c010c,2
0,0,2 days ago,False,/channel/UCR739vm0V4_A0QMat7yNJbg,1502471393909,Kg Et,0,true,1,"Vadim Gerasimov, что с вашим Instagram?",0,z222wh04ytmbxvkkoacdp43b2t3bujbdwlu3y2jyai5w03c010c,2
0,0,2 days ago,False,/channel/UCR739vm0V4_A0QMat7yNJbg,1502471393909,Kg Et,0,true,1,"Vadim Gerasimov, что с вашим Instagram?",0,z222wh04ytmbxvkkoacdp43b2t3bujbdwlu3y2jyai5w03c010c,2
0,0,2 days ago,False,/channel/UCR739vm0V4_A0QMat7yNJbg,1502471393909,Kg Et,0,true,1,"Vadim Gerasimov, что с вашим Instagram?",0,z222wh04ytmbxvkkoacdp43b2t3bujbdwlu3y2jyai5w03c010c,2
0,0,2 days ago,False,/channel/UCR739vm0V4_A0QMat7yNJbg,1502471393909,Kg Et,0,true,1,"Vadim Gerasimov, что с вашим Instagram?",0,z222wh04ytmbxvkkoacdp43b2t3bujbdwlu3y2jyai5w03c010c,2
0,0,2 days ago,False,/channel/UCR739vm0V4_A0QMat7yNJbg,1502471393909,Kg Et,0,true,1,"Vadim Gerasimov, что с вашим Instagram?",0,z222wh04ytmbxvkkoacdp43b2t3bujbdwlu3y2jyai5w03c010c,2
0,0,2 days ago,False,/channel/UCR739vm0V4_A0QMat7yNJbg,1502471393909,Kg Et,0,true,1,"Vadim Gerasimov, что с вашим Instagram?",0,z222wh04ytmbxvkkoacdp43b2t3bujbdwlu3y2jyai5w03c010c,2
0,0,2 days ago,False,/channel/UCR739vm0V4_A0QMat7yNJbg,1502471393909,Kg Et,0,true,1,"Vadim Gerasimov, что с вашим Instagram?",0,z222wh04ytmbxvkkoacdp43b2t3bujbdwlu3y2jyai5w03c010c,2
0,0,2 days ago,False,/channel/UCR739vm0V4_A0QMat7yNJbg,1502471393909,Kg Et,0,true,1,"Vadim Gerasimov, что с вашим Instagram?",0,z222wh04ytmbxvkkoacdp43b2t3bujbdwlu3y2jyai5w03c010c,2
0,0,2 days ago,False,/channel/UCR739vm0V4_A0QMat7yNJbg,1502471393909,Kg Et,0,true,1,"Vadim Gerasimov, что с вашим Instagram?",0,z222wh04ytmbxvkkoacdp43b2t3bujbdwlu3y2jyai5w03c010c,2
0,0,2 days ago,False,/channel/UCR739vm0V4_A0QMat7yNJbg,1502471393909,Kg Et,0,true,1,"Vadim Gerasimov, что с вашим Instagram?",0,z222wh04ytmbxvkkoacdp43b2t3bujbdwlu3y2jyai5w03c010c,2
0,0,2 days ago,False,/channel/UCR739vm0V4_A0QMat7yNJbg,1502471393909,Kg Et,0,true,1,"Vadim Gerasimov, что с вашим Instagram?",0,z222wh04ytmbxvkkoacdp43b2t3bujbdwlu3y2jyai5w03c010c,2
0,0,2 days ago,False,/channel/UC2p3fKxR1mYi2BpnjFPDJng,1502471393927,Igor Oskin,0,true,1,"Вадим, спасибо за Ваши видео, смотрел почти все. Но в данном случае, тема не раскрыта. Нет даже отдаленного ответа на поставленный Вами же самим вопрос. Т.е. информативность явно страдает. А видео ради видео.. кому это нужно.",0,z22jcfczfrqugpehi04t1aokgzvu1lgs15djkl1lpp5xbk0h00410,1
0,0,2 days ago,False,/channel/UC2p3fKxR1mYi2BpnjFPDJng,1502471393927,Igor Oskin,0,true,1,"Вадим, спасибо за Ваши видео, смотрел почти все. Но в данном случае, тема не раскрыта. Нет даже отдаленного ответа на поставленный Вами же самим вопрос. Т.е. информативность явно страдает. А видео ради видео.. кому это нужно.",0,z22jcfczfrqugpehi04t1aokgzvu1lgs15djkl1lpp5xbk0h00410,1
0,0,2 days ago,False,/channel/UC2p3fKxR1mYi2BpnjFPDJng,1502471393927,Igor Oskin,0,true,1,"Вадим, спасибо за Ваши видео, смотрел почти все. Но в данном случае, тема не раскрыта. Нет даже отдаленного ответа на поставленный Вами же самим вопрос. Т.е. информативность явно страдает. А видео ради видео.. кому это нужно.",0,z22jcfczfrqugpehi04t1aokgzvu1lgs15djkl1lpp5xbk0h00410,1
0,0,2 days ago,False,/channel/UC2p3fKxR1mYi2BpnjFPDJng,1502471393927,Igor Oskin,0,true,1,"Вадим, спасибо за Ваши видео, смотрел почти все. Но в данном случае, тема не раскрыта. Нет даже отдаленного ответа на поставленный Вами же самим вопрос. Т.е. информативность явно страдает. А видео ради видео.. кому это нужно.",0,z22jcfczfrqugpehi04t1aokgzvu1lgs15djkl1lpp5xbk0h00410,1
0,0,2 days ago,False,/channel/UC2p3fKxR1mYi2BpnjFPDJng,1502471393927,Igor Oskin,0,true,1,"Вадим, спасибо за Ваши видео, смотрел почти все. Но в данном случае, тема не раскрыта. Нет даже отдаленного ответа на поставленный Вами же самим вопрос. Т.е. информативность явно страдает. А видео ради видео.. кому это нужно.",0,z22jcfczfrqugpehi04t1aokgzvu1lgs15djkl1lpp5xbk0h00410,1
0,0,2 days ago,False,/channel/UC2p3fKxR1mYi2BpnjFPDJng,1502471393927,Igor Oskin,0,true,1,"Вадим, спасибо за Ваши видео, смотрел почти все. Но в данном случае, тема не раскрыта. Нет даже отдаленного ответа на поставленный Вами же самим вопрос. Т.е. информативность явно страдает. А видео ради видео.. кому это нужно.",0,z22jcfczfrqugpehi04t1aokgzvu1lgs15djkl1lpp5xbk0h00410,1
0,0,2 days ago,False,/channel/UC2p3fKxR1mYi2BpnjFPDJng,1502471393927,Igor Oskin,0,true,1,"Вадим, спасибо за Ваши видео, смотрел почти все. Но в данном случае, тема не раскрыта. Нет даже отдаленного ответа на поставленный Вами же самим вопрос. Т.е. информативность явно страдает. А видео ради видео.. кому это нужно.",0,z22jcfczfrqugpehi04t1aokgzvu1lgs15djkl1lpp5xbk0h00410,1
0,0,2 days ago,False,/channel/UC2p3fKxR1mYi2BpnjFPDJng,1502471393927,Igor Oskin,0,true,1,"Вадим, спасибо за Ваши видео, смотрел почти все. Но в данном случае, тема не раскрыта. Нет даже отдаленного ответа на поставленный Вами же самим вопрос. Т.е. информативность явно страдает. А видео ради видео.. кому это нужно.",0,z22jcfczfrqugpehi04t1aokgzvu1lgs15djkl1lpp5xbk0h00410,1
0,0,2 days ago,False,/channel/UC2p3fKxR1mYi2BpnjFPDJng,1502471393927,Igor Oskin,0,true,1,"Вадим, спасибо за Ваши видео, смотрел почти все. Но в данном случае, тема не раскрыта. Нет даже отдаленного ответа на поставленный Вами же самим вопрос. Т.е. информативность явно страдает. А видео ради видео.. кому это нужно.",0,z22jcfczfrqugpehi04t1aokgzvu1lgs15djkl1lpp5xbk0h00410,1
0,0,2 days ago,False,/channel/UC2p3fKxR1mYi2BpnjFPDJng,1502471393927,Igor Oskin,0,true,1,"Вадим, спасибо за Ваши видео, смотрел почти все. Но в данном случае, тема не раскрыта. Нет даже отдаленного ответа на поставленный Вами же самим вопрос. Т.е. информативность явно страдает. А видео ради видео.. кому это нужно.",0,z22jcfczfrqugpehi04t1aokgzvu1lgs15djkl1lpp5xbk0h00410,1
0,0,2 days ago,False,/channel/UC2p3fKxR1mYi2BpnjFPDJng,1502471393927,Igor Oskin,0,true,1,"Вадим, спасибо за Ваши видео, смотрел почти все. Но в данном случае, тема не раскрыта. Нет даже отдаленного ответа на поставленный Вами же самим вопрос. Т.е. информативность явно страдает. А видео ради видео.. кому это нужно.",0,z22jcfczfrqugpehi04t1aokgzvu1lgs15djkl1lpp5xbk0h00410,1
0,0,2 days ago,False,/channel/UC2p3fKxR1mYi2BpnjFPDJng,1502471393927,Igor Oskin,0,true,1,"Вадим, спасибо за Ваши видео, смотрел почти все. Но в данном случае, тема не раскрыта. Нет даже отдаленного ответа на поставленный Вами же самим вопрос. Т.е. информативность явно страдает. А видео ради видео.. кому это нужно.",0,z22jcfczfrqugpehi04t1aokgzvu1lgs15djkl1lpp5xbk0h00410,1
Undefined,Undefined,2 days ago,Undefined,/user/nickforrow,1502471393938,Nick Forrow,Undefined,true,1,"""Кто не рискует, тот не пьёт шампанское!"" :)))",Undefined,z22merrihlvrwbyha04t1aokglnpjvsbjpzydscicmcmrk0h00410,2
Undefined,Undefined,2 days ago,Undefined,/user/nickforrow,1502471393938,Nick Forrow,Undefined,true,1,"""Кто не рискует, тот не пьёт шампанское!"" :)))",Undefined,z22merrihlvrwbyha04t1aokglnpjvsbjpzydscicmcmrk0h00410,2
Undefined,Undefined,2 days ago,Undefined,/user/nickforrow,1502471393938,Nick Forrow,Undefined,true,1,"""Кто не рискует, тот не пьёт шампанское!"" :)))",Undefined,z22merrihlvrwbyha04t1aokglnpjvsbjpzydscicmcmrk0h00410,2
Undefined,Undefined,2 days ago,Undefined,/user/nickforrow,1502471393938,Nick Forrow,Undefined,true,1,"""Кто не рискует, тот не пьёт шампанское!"" :)))",Undefined,z22merrihlvrwbyha04t1aokglnpjvsbjpzydscicmcmrk0h00410,2
Undefined,Undefined,2 days ago,Undefined,/user/nickforrow,1502471393938,Nick Forrow,Undefined,true,1,"""Кто не рискует, тот не пьёт шампанское!"" :)))",Undefined,z22merrihlvrwbyha04t1aokglnpjvsbjpzydscicmcmrk0h00410,2
Undefined,Undefined,2 days ago,Undefined,/user/nickforrow,1502471393938,Nick Forrow,Undefined,true,1,"""Кто не рискует, тот не пьт шампанское!"" :)))",Undefined,z22merrihlvrwbyha04t1aokglnpjvsbjpzydscicmcmrk0h00410,2
Undefined,Undefined,2 days ago,Undefined,/user/nickforrow,1502471393938,Nick Forrow,Undefined,true,1,"""Кто не рискует, тот не пьт шампанское!"" :)))",Undefined,z22merrihlvrwbyha04t1aokglnpjvsbjpzydscicmcmrk0h00410,2
Undefined,Undefined,2 days ago,Undefined,/user/nickforrow,1502471393938,Nick Forrow,Undefined,true,1,"""Кто не рискует, тот не пьт шампанское!"" :)))",Undefined,z22merrihlvrwbyha04t1aokglnpjvsbjpzydscicmcmrk0h00410,2
Undefined,Undefined,2 days ago,Undefined,/user/nickforrow,1502471393938,Nick Forrow,Undefined,true,1,"""Кто не рискует, тот не пьт шампанское!"" :)))",Undefined,z22merrihlvrwbyha04t1aokglnpjvsbjpzydscicmcmrk0h00410,2
Undefined,Undefined,2 days ago,Undefined,/user/nickforrow,1502471393938,Nick Forrow,Undefined,true,1,"""Кто не рискует, тот не пьт шампанское!"" :)))",Undefined,z22merrihlvrwbyha04t1aokglnpjvsbjpzydscicmcmrk0h00410,2
Undefined,Undefined,2 days ago,Undefined,/user/nickforrow,1502471393938,Nick Forrow,Undefined,true,1,"""Кто не рискует, тот не пьт шампанское!"" :)))",Undefined,z22merrihlvrwbyha04t1aokglnpjvsbjpzydscicmcmrk0h00410,2
Undefined,Undefined,2 days ago,Undefined,/user/nickforrow,1502471393938,Nick Forrow,Undefined,true,1,"""Кто не рискует, тот не пьт шампанское!"" :)))",Undefined,z22merrihlvrwbyha04t1aokglnpjvsbjpzydscicmcmrk0h00410,2
